mc	mn	quarterbeats	quarterbeats_all_endings	duration_qb	mc_onset	mn_onset	event	timesig	staff	voice	duration	nominal_duration	scalar	chord_id
1	1	0	0	2.0	0	0	Chord	4/4	1	1	1/2	1/2	1	0
1	1	2	2	2.0	1/2	1/2	Chord	4/4	1	1	1/2	1/2	1	1
1	1	0	0	2.0	0	0	Chord	4/4	2	1	1/2	1/2	1	2
1	1	2	2	2.0	1/2	1/2	Chord	4/4	2	1	1/2	1/2	1	3
1	1	0	0	2.0	0	0	Chord	4/4	3	1	1/2	1/2	1	4
1	1	2	2	2.0	1/2	1/2	Chord	4/4	3	1	1/2	1/2	1	5
1	1	0	0	2.0	0	0	Chord	4/4	4	1	1/2	1/2	1	6
1	1	2	2	2.0	1/2	1/2	Chord	4/4	4	1	1/2	1/2	1	7
2	2	4	4	1.0	0	0	Chord	4/4	1	1	1/4	1/4	1	8
2	2	5	5	1.0	1/4	1/4	Chord	4/4	1	1	1/4	1/4	1	9
2	2	6	6	2.0	1/2	1/2	Chord	4/4	1	1	1/2	1/2	1	10
2	2	4	4	1.0	0	0	Chord	4/4	2	1	1/4	1/4	1	11
2	2	5	5	1.0	1/4	1/4	Chord	4/4	2	1	1/4	1/4	1	12
2	2	6	6	2.0	1/2	1/2	Chord	4/4	2	1	1/2	1/2	1	13
2	2	4	4	1.0	0	0	Chord	4/4	3	1	1/4	1/4	1	14
2	2	5	5	1.0	1/4	1/4	Chord	4/4	3	1	1/4	1/4	1	15
2	2	6	6	2.0	1/2	1/2	Chord	4/4	3	1	1/2	1/2	1	16
2	2	4	4	1.0	0	0	Chord	4/4	4	1	1/4	1/4	1	17
2	2	5	5	1.0	1/4	1/4	Chord	4/4	4	1	1/4	1/4	1	18
2	2	6	6	2.0	1/2	1/2	Chord	4/4	4	1	1/2	1/2	1	19
3	3	8	8	1.0	0	0	Chord	4/4	1	1	1/4	1/4	1	20
3	3	9	9	1.0	1/4	1/4	Chord	4/4	1	1	1/4	1/4	1	21
3	3	10	10	2.0	1/2	1/2	Chord	4/4	1	1	1/2	1/2	1	22
3	3	8	8	1.0	0	0	Chord	4/4	2	1	1/4	1/4	1	23
3	3	9	9	2.0	1/4	1/4	Chord	4/4	2	1	1/2	1/2	1	24
3	3	11	11	1.0	3/4	3/4	Chord	4/4	2	1	1/4	1/4	1	25
3	3	8	8	1.0	0	0	Chord	4/4	3	1	1/4	1/4	1	26
3	3	9	9	1.0	1/4	1/4	Chord	4/4	3	1	1/4	1/4	1	27
3	3	10	10	2.0	1/2	1/2	Chord	4/4	3	1	1/2	1/2	1	28
3	3	8	8	1.0	0	0	Chord	4/4	4	1	1/4	1/4	1	29
3	3	9	9	1.0	1/4	1/4	Chord	4/4	4	1	1/4	1/4	1	30
3	3	10	10	2.0	1/2	1/2	Chord	4/4	4	1	1/2	1/2	1	31
4	4	12	12	2.0	0	0	Chord	4/4	1	1	1/2	1/2	1	32
4	4	14	14	2.0	1/2	1/2	Chord	4/4	1	1	1/2	1/2	1	33
4	4	12	12	2.0	0	0	Chord	4/4	2	1	1/2	1/2	1	34
4	4	14	14	2.0	1/2	1/2	Chord	4/4	2	1	1/2	1/2	1	35
4	4	12	12	2.0	0	0	Chord	4/4	3	1	1/2	1/2	1	36
4	4	14	14	2.0	1/2	1/2	Chord	4/4	3	1	1/2	1/2	1	37
4	4	12	12	2.0	0	0	Chord	4/4	4	1	1/2	1/2	1	38
4	4	14	14	2.0	1/2	1/2	Chord	4/4	4	1	1/2	1/2	1	39
5	5	16	16	1.0	0	0	Chord	4/4	1	1	1/4	1/4	1	40
5	5	17	17	1.0	1/4	1/4	Chord	4/4	1	1	1/4	1/4	1	41
5	5	18	18	1.0	1/2	1/2	Chord	4/4	1	1	1/4	1/4	1	42
5	5	19	19	1.0	3/4	3/4	Chord	4/4	1	1	1/4	1/4	1	43
5	5	16	16	1.0	0	0	Chord	4/4	2	1	1/4	1/4	1	44
5	5	17	17	1.0	1/4	1/4	Chord	4/4	2	1	1/4	1/4	1	45
5	5	18	18	1.0	1/2	1/2	Chord	4/4	2	1	1/4	1/4	1	46
5	5	19	19	1.0	3/4	3/4	Chord	4/4	2	1	1/4	1/4	1	47
5	5	16	16	1.0	0	0	Chord	4/4	3	1	1/4	1/4	1	48
5	5	17	17	1.0	1/4	1/4	Chord	4/4	3	1	1/4	1/4	1	49
5	5	18	18	1.0	1/2	1/2	Chord	4/4	3	1	1/4	1/4	1	50
5	5	19	19	1.0	3/4	3/4	Chord	4/4	3	1	1/4	1/4	1	51
5	5	16	16	1.0	0	0	Chord	4/4	4	1	1/4	1/4	1	52
5	5	17	17	1.0	1/4	1/4	Chord	4/4	4	1	1/4	1/4	1	53
5	5	18	18	1.0	1/2	1/2	Chord	4/4	4	1	1/4	1/4	1	54
5	5	19	19	1.0	3/4	3/4	Chord	4/4	4	1	1/4	1/4	1	55
6	6	20	20	2.0	0	0	Chord	4/4	1	1	1/2	1/2	1	56
6	6	20	20	2.0	0	0	Chord	4/4	2	1	1/2	1/2	1	57
6	6	20	20	2.0	0	0	Chord	4/4	3	1	1/2	1/2	1	58
6	6	20	20	2.0	0	0	Chord	4/4	4	1	1/2	1/2	1	59
7	7	24	24	2.0	0	0	Chord	4/4	1	1	1/2	1/2	1	60
7	7	26	26	2.0	1/2	1/2	Chord	4/4	1	1	1/2	1/2	1	61
7	7	24	24	2.0	0	0	Chord	4/4	2	1	1/2	1/2	1	62
7	7	26	26	2.0	1/2	1/2	Chord	4/4	2	1	1/2	1/2	1	63
7	7	24	24	2.0	0	0	Chord	4/4	3	1	1/2	1/2	1	64
7	7	26	26	2.0	1/2	1/2	Chord	4/4	3	1	1/2	1/2	1	65
7	7	24	24	2.0	0	0	Chord	4/4	4	1	1/2	1/2	1	66
7	7	26	26	2.0	1/2	1/2	Chord	4/4	4	1	1/2	1/2	1	67
8	8	28	28	2.0	0	0	Chord	4/4	1	1	1/2	1/2	1	68
8	8	30	30	1.0	1/2	1/2	Chord	4/4	1	1	1/4	1/4	1	69
8	8	31	31	1.0	3/4	3/4	Chord	4/4	1	1	1/4	1/4	1	70
8	8	28	28	2.0	0	0	Chord	4/4	2	1	1/2	1/2	1	71
8	8	30	30	1.0	1/2	1/2	Chord	4/4	2	1	1/4	1/4	1	72
8	8	31	31	1.0	3/4	3/4	Chord	4/4	2	1	1/4	1/4	1	73
8	8	28	28	2.0	0	0	Chord	4/4	3	1	1/2	1/2	1	74
8	8	30	30	1.0	1/2	1/2	Chord	4/4	3	1	1/4	1/4	1	75
8	8	31	31	1.0	3/4	3/4	Chord	4/4	3	1	1/4	1/4	1	76
8	8	28	28	2.0	0	0	Chord	4/4	4	1	1/2	1/2	1	77
8	8	30	30	1.0	1/2	1/2	Chord	4/4	4	1	1/4	1/4	1	78
8	8	31	31	1.0	3/4	3/4	Chord	4/4	4	1	1/4	1/4	1	79
9	9	32	32	1.0	0	0	Chord	4/4	1	1	1/4	1/4	1	80
9	9	33	33	1.0	1/4	1/4	Chord	4/4	1	1	1/4	1/4	1	81
9	9	34	34	2.0	1/2	1/2	Chord	4/4	1	1	1/2	1/2	1	82
9	9	32	32	1.0	0	0	Chord	4/4	2	1	1/4	1/4	1	83
9	9	33	33	2.0	1/4	1/4	Chord	4/4	2	1	1/2	1/2	1	84
9	9	35	35	1.0	3/4	3/4	Chord	4/4	2	1	1/4	1/4	1	85
9	9	32	32	1.0	0	0	Chord	4/4	3	1	1/4	1/4	1	86
9	9	33	33	1.0	1/4	1/4	Chord	4/4	3	1	1/4	1/4	1	87
9	9	34	34	2.0	1/2	1/2	Chord	4/4	3	1	1/2	1/2	1	88
9	9	32	32	1.0	0	0	Chord	4/4	4	1	1/4	1/4	1	89
9	9	33	33	1.0	1/4	1/4	Chord	4/4	4	1	1/4	1/4	1	90
9	9	34	34	2.0	1/2	1/2	Chord	4/4	4	1	1/2	1/2	1	91
10	10	36	36	2.0	0	0	Chord	4/4	1	1	1/2	1/2	1	92
10	10	38	38	2.0	1/2	1/2	Chord	4/4	1	1	1/2	1/2	1	93
10	10	36	36	2.0	0	0	Chord	4/4	2	1	1/2	1/2	1	94
10	10	38	38	2.0	1/2	1/2	Chord	4/4	2	1	1/2	1/2	1	95
10	10	36	36	2.0	0	0	Chord	4/4	3	1	1/2	1/2	1	96
10	10	38	38	2.0	1/2	1/2	Chord	4/4	3	1	1/2	1/2	1	97
10	10	36	36	2.0	0	0	Chord	4/4	4	1	1/2	1/2	1	98
10	10	38	38	2.0	1/2	1/2	Chord	4/4	4	1	1/2	1/2	1	99
11	11	40	40	1.0	0	0	Chord	4/4	1	1	1/4	1/4	1	100
11	11	41	41	1.0	1/4	1/4	Chord	4/4	1	1	1/4	1/4	1	101
11	11	42	42	1.0	1/2	1/2	Chord	4/4	1	1	1/4	1/4	1	102
11	11	43	43	1.0	3/4	3/4	Chord	4/4	1	1	1/4	1/4	1	103
11	11	40	40	1.0	0	0	Chord	4/4	2	1	1/4	1/4	1	104
11	11	41	41	1.0	1/4	1/4	Chord	4/4	2	1	1/4	1/4	1	105
11	11	42	42	1.0	1/2	1/2	Chord	4/4	2	1	1/4	1/4	1	106
11	11	43	43	1.0	3/4	3/4	Chord	4/4	2	1	1/4	1/4	1	107
11	11	40	40	1.0	0	0	Chord	4/4	3	1	1/4	1/4	1	108
11	11	41	41	1.0	1/4	1/4	Chord	4/4	3	1	1/4	1/4	1	109
11	11	42	42	1.0	1/2	1/2	Chord	4/4	3	1	1/4	1/4	1	110
11	11	43	43	1.0	3/4	3/4	Chord	4/4	3	1	1/4	1/4	1	111
11	11	40	40	1.0	0	0	Chord	4/4	4	1	1/4	1/4	1	112
11	11	41	41	1.0	1/4	1/4	Chord	4/4	4	1	1/4	1/4	1	113
11	11	42	42	1.0	1/2	1/2	Chord	4/4	4	1	1/4	1/4	1	114
11	11	43	43	1.0	3/4	3/4	Chord	4/4	4	1	1/4	1/4	1	115
12	12	44	44	2.0	0	0	Chord	4/4	1	1	1/2	1/2	1	116
12	12	44	44	2.0	0	0	Chord	4/4	2	1	1/2	1/2	1	117
12	12	44	44	2.0	0	0	Chord	4/4	3	1	1/2	1/2	1	118
12	12	44	44	2.0	0	0	Chord	4/4	4	1	1/2	1/2	1	119
13	13	48	48	2.0	0	0	Chord	4/4	1	1	1/2	1/2	1	120
13	13	50	50	1.0	1/2	1/2	Chord	4/4	1	1	1/4	1/4	1	121
13	13	51	51	1.0	3/4	3/4	Chord	4/4	1	1	1/4	1/4	1	122
13	13	48	48	2.0	0	0	Chord	4/4	2	1	1/2	1/2	1	123
13	13	50	50	1.0	1/2	1/2	Chord	4/4	2	1	1/4	1/4	1	124
13	13	51	51	1.0	3/4	3/4	Chord	4/4	2	1	1/4	1/4	1	125
13	13	48	48	2.0	0	0	Chord	4/4	3	1	1/2	1/2	1	126
13	13	50	50	1.0	1/2	1/2	Chord	4/4	3	1	1/4	1/4	1	127
13	13	51	51	1.0	3/4	3/4	Chord	4/4	3	1	1/4	1/4	1	128
13	13	48	48	2.0	0	0	Chord	4/4	4	1	1/2	1/2	1	129
13	13	50	50	1.0	1/2	1/2	Chord	4/4	4	1	1/4	1/4	1	130
13	13	51	51	1.0	3/4	3/4	Chord	4/4	4	1	1/4	1/4	1	131
14	14	52	52	1.0	0	0	Chord	4/4	1	1	1/4	1/4	1	132
14	14	53	53	1.0	1/4	1/4	Chord	4/4	1	1	1/4	1/4	1	133
14	14	54	54	2.0	1/2	1/2	Chord	4/4	1	1	1/2	1/2	1	134
14	14	52	52	1.0	0	0	Chord	4/4	2	1	1/4	1/4	1	135
14	14	53	53	1.0	1/4	1/4	Chord	4/4	2	1	1/4	1/4	1	136
14	14	54	54	2.0	1/2	1/2	Chord	4/4	2	1	1/2	1/2	1	137
14	14	52	52	1.0	0	0	Chord	4/4	3	1	1/4	1/4	1	138
14	14	53	53	1.0	1/4	1/4	Chord	4/4	3	1	1/4	1/4	1	139
14	14	54	54	2.0	1/2	1/2	Chord	4/4	3	1	1/2	1/2	1	140
14	14	52	52	1.0	0	0	Chord	4/4	4	1	1/4	1/4	1	141
14	14	53	53	1.0	1/4	1/4	Chord	4/4	4	1	1/4	1/4	1	142
14	14	54	54	2.0	1/2	1/2	Chord	4/4	4	1	1/2	1/2	1	143
15	15	56	56	2.0	0	0	Chord	4/4	1	1	1/2	1/2	1	144
15	15	58	58	1.0	1/2	1/2	Chord	4/4	1	1	1/4	1/4	1	145
15	15	59	59	1.0	3/4	3/4	Chord	4/4	1	1	1/4	1/4	1	146
15	15	56	56	2.0	0	0	Chord	4/4	2	1	1/2	1/2	1	147
15	15	58	58	1.0	1/2	1/2	Chord	4/4	2	1	1/4	1/4	1	148
15	15	59	59	1.0	3/4	3/4	Chord	4/4	2	1	1/4	1/4	1	149
15	15	56	56	2.0	0	0	Chord	4/4	3	1	1/2	1/2	1	150
15	15	58	58	1.0	1/2	1/2	Chord	4/4	3	1	1/4	1/4	1	151
15	15	59	59	1.0	3/4	3/4	Chord	4/4	3	1	1/4	1/4	1	152
15	15	56	56	2.0	0	0	Chord	4/4	4	1	1/2	1/2	1	153
15	15	58	58	1.0	1/2	1/2	Chord	4/4	4	1	1/4	1/4	1	154
15	15	59	59	1.0	3/4	3/4	Chord	4/4	4	1	1/4	1/4	1	155
16	16	60	60	1.0	0	0	Chord	4/4	1	1	1/4	1/4	1	156
16	16	61	61	1.0	1/4	1/4	Chord	4/4	1	1	1/4	1/4	1	157
16	16	62	62	2.0	1/2	1/2	Chord	4/4	1	1	1/2	1/2	1	158
16	16	60	60	1.0	0	0	Chord	4/4	2	1	1/4	1/4	1	159
16	16	61	61	2.0	1/4	1/4	Chord	4/4	2	1	1/2	1/2	1	160
16	16	63	63	1.0	3/4	3/4	Chord	4/4	2	1	1/4	1/4	1	161
16	16	60	60	1.0	0	0	Chord	4/4	3	1	1/4	1/4	1	162
16	16	61	61	1.0	1/4	1/4	Chord	4/4	3	1	1/4	1/4	1	163
16	16	62	62	2.0	1/2	1/2	Chord	4/4	3	1	1/2	1/2	1	164
16	16	60	60	1.0	0	0	Chord	4/4	4	1	1/4	1/4	1	165
16	16	61	61	1.0	1/4	1/4	Chord	4/4	4	1	1/4	1/4	1	166
16	16	62	62	2.0	1/2	1/2	Chord	4/4	4	1	1/2	1/2	1	167
17	17	64	64	2.0	0	0	Chord	4/4	1	1	1/2	1/2	1	168
17	17	66	66	2.0	1/2	1/2	Chord	4/4	1	1	1/2	1/2	1	169
17	17	64	64	1.0	0	0	Chord	4/4	2	1	1/4	1/4	1	170
17	17	65	65	1.0	1/4	1/4	Chord	4/4	2	1	1/4	1/4	1	171
17	17	66	66	2.0	1/2	1/2	Chord	4/4	2	1	1/2	1/2	1	172
17	17	64	64	2.0	0	0	Chord	4/4	3	1	1/2	1/2	1	173
17	17	66	66	2.0	1/2	1/2	Chord	4/4	3	1	1/2	1/2	1	174
17	17	64	64	2.0	0	0	Chord	4/4	4	1	1/2	1/2	1	175
17	17	66	66	2.0	1/2	1/2	Chord	4/4	4	1	1/2	1/2	1	176
18	18	68	68	2.0	0	0	Chord	4/4	1	1	1/2	1/2	1	177
18	18	68	68	2.0	0	0	Chord	4/4	2	1	1/2	1/2	1	178
18	18	68	68	2.0	0	0	Chord	4/4	3	1	1/2	1/2	1	179
18	18	68	68	2.0	0	0	Chord	4/4	4	1	1/2	1/2	1	180
